<?xml version="1.0" encoding="UTF-8" standalone="yes"?>
<manifest>
  <control namespace="RelationChainViewPCF" constructor="RelationChainViewPCF" version="0.2.5" display-name-key="RelationChainViewPCF" description-key="RelationChainViewPCF" control-type="standard" api-version="1.3.4">
    <external-service-usage enabled="false"/>
    <property name="controlfield" display-name-key="Controlfield" description-key="Controlfield" of-type="SingleLine.Text" usage="bound" required="true"/>
    <property name="configProperty" display-name-key="Config" description-key="Config" of-type="SingleLine.TextArea" usage="input" required="true"/>
    <resources>
      <code path="bundle.js" order="1"/>
    </resources>
    <feature-usage>
      <uses-feature name="WebAPI" required="true"/>
    </feature-usage>
    <built-by name="pac" version="1.17.5"/>
  </control>
</manifest>